open,high,low,close,volume,trade_count,vwap,sma5,sma50,sma100,ema20,rsi14,macd,upperBB,lowerBB,ATR14,momentum,deviation,zscore,target
210.1,211.43,208.45,210.01,42848928.0,512140.0,209.909746,210.754,203.8586,211.68779999999998,204.91881916097833,70.79296734840328,1.4036936816662453,213.40706145446745,192.04993854553254,4.221121428571422,-33.84,6.151399999999995,1.363760471117338,1
209.53,211.33,207.22,211.14,48749367.0,590796.0,209.522103,211.41799999999998,203.89579999999998,211.43050000000002,205.5113125742185,79.55758962623948,1.28490525955887,214.5087786246384,191.91722137536158,4.285407142857139,-32.22000000000003,7.244200000000006,1.4035331717124084,1
210.505,213.48,210.03,212.41,44443634.0,545130.0,212.263512,211.41199999999998,203.94119999999998,211.1393,206.16833042429292,79.81167608286248,1.214163018558805,215.7142108836948,191.6857891163052,4.353264285714281,-32.59,8.468800000000016,1.4499495779320573,0
210.565,212.13,209.86,211.16,39765812.0,431665.0,211.018793,210.93400000000003,203.94019999999998,210.8049,206.6437275267412,71.72797262617618,1.0136557822970742,216.5398017654109,192.09819823458912,4.169692857142853,-31.05000000000001,7.219800000000021,1.1195664787497637,0
209.925,210.91,207.54,208.62,38840111.0,525534.0,208.757364,210.66799999999998,203.8626,210.44639999999998,206.83194395276587,64.00472069236821,0.6576901687243057,216.90576267773326,192.67423732226678,4.189692857142853,-34.079999999999984,4.757400000000018,0.6322342392920727,1
209.22,211.89,208.92,209.11,42296339.0,526311.0,210.153548,210.488,203.7784,210.08880000000002,207.04890167155008,67.82679077296639,0.41481507408690654,217.01568026771506,193.83031973228495,4.191835714285708,-27.73999999999998,5.331600000000009,0.6360910358699525,1
210.295,212.4,208.64,210.16,47483372.0,535726.0,210.422945,210.292,203.8746,209.7321,207.34519675045007,67.55102040816323,0.2903472838593446,217.29445040986167,194.72554959013831,4.219692857142854,-24.24000000000001,6.28540000000001,0.7355254087293864,0
210.57,211.8,209.59,210.02,48067750.0,574969.0,210.556305,209.814,204.0972,209.3768,207.59993991707387,68.72923588039869,0.1700149252080312,217.02016514297557,196.4378348570244,4.150407142857142,-23.25999999999999,5.922800000000024,0.6395777259966238,1
210.87,211.79,209.7045,211.18,48972900.0,478837.0,210.88438,209.81800000000004,204.3506,209.01760000000002,207.9408980202097,70.07154213036566,0.14115806059028957,216.74072601915898,198.17727398084102,4.0693714285714275,-26.689999999999998,6.829400000000021,0.8017905273909746,1
212.1,215.78,211.63,212.48,51377434.0,651657.0,213.488308,210.59,204.67520000000002,208.672,208.3731934468564,66.33884666964684,0.17976173314599775,217.0489720262955,199.01702797370447,3.8172785714285715,-15.780000000000001,7.804799999999972,0.9864715611428508,1
213.14,214.95,212.2301,214.4,46404072.0,549182.0,213.663056,211.648,205.0134,208.4124,208.94717502334623,65.20332717190391,0.29778193338438763,217.57098860427615,199.7850113957239,3.6532357142857137,-15.579999999999984,9.386600000000016,1.28685647865299,0
215.0,215.15,212.41,214.15,46989301.0,497904.0,213.736683,212.446,205.32580000000002,208.1809,209.44268216397992,54.95078170237408,0.3202290249592141,217.65257569964996,201.08842430035003,3.454664285714285,-8.48999999999998,8.82419999999999,1.1541792597239864,0
213.9,215.69,213.53,213.76,46022620.0,505013.0,214.425445,213.19400000000002,205.3852,207.90009999999998,209.85385529121993,50.63444108761322,0.2719316902921456,217.6119790592371,202.34902094076287,3.406099999999999,-10.070000000000022,8.374799999999993,0.990502619652823,1
214.7,215.24,213.4,213.88,40268781.0,409972.0,214.176039,213.734,205.40419999999997,207.6586,210.23729764443706,65.03442999234892,0.21375216711339506,217.1602236139459,204.08877638605406,3.0068142857142868,-9.780000000000001,8.47580000000002,0.9962171573637029,1
214.03,214.845,213.06,214.05,37858017.0,425354.0,214.045208,214.048,205.4386,207.4398,210.6004121544907,65.32625189681343,0.1551322451319015,216.19609316545856,206.34990683454143,2.9214571428571423,-8.72999999999999,8.611400000000003,1.128152527961087,0
214.175,214.81,210.82,211.27,51411723.0,537963.0,212.167781,213.42200000000003,205.435,207.1951,210.6641824254916,50.43830074173981,-0.08930644314091918,215.5784715511517,207.57752844884826,2.9128857142857134,-18.590000000000003,5.835000000000008,-0.15398184742060847,0
211.895,212.39,207.72,209.05,45511423.0,542328.0,209.617522,212.402,205.3908,206.9323,210.51045076592098,39.353612167300426,-0.40145741507570243,215.42897281432676,207.85002718567324,3.00002857142857,-29.20999999999998,3.6591999999999985,-1.3666808692807781,0
208.49,209.84,207.16,207.57,80698431.0,827514.0,208.381893,211.164,205.3666,206.61730000000003,210.23040783583326,38.78825733916303,-0.6915455909705357,215.57476032989837,207.21723967010166,3.0093142857142863,-31.79000000000002,2.203399999999988,-1.831165081483909,0
210.865,213.58,201.5,202.38,104434473.0,1201399.0,204.674792,208.86400000000003,205.27699999999996,206.36629999999997,209.4827499467063,33.27974276527331,-1.1877856926829407,216.51950807720908,205.15549192279093,3.6136000000000013,-35.21000000000001,-2.896999999999963,-2.9769405059185385,1
204.505,207.88,201.675,203.35,75109298.0,785189.0,204.429327,206.724,205.30219999999997,206.19140000000004,208.89867852321046,34.95297805642629,-1.3914000885668802,217.10018773558576,203.91481226441422,3.8232428571428585,-32.650000000000006,-1.9521999999999764,-2.171345068071557,0
203.4,205.34,202.16,202.92,44155079.0,491748.0,203.616581,205.054,205.3334,206.05079999999998,208.32928056861897,30.453563714902828,-1.487102005142081,217.56935489981402,202.7366451001859,3.7818142857142862,-25.090000000000003,-2.413400000000024,-1.9505539035574841,1
205.63,215.38,205.59,213.25,108483103.0,1104103.0,212.69907,205.894,205.69299999999998,206.08649999999997,208.79792051446478,55.62521769418318,-0.8200821487342894,217.79306114043433,202.72393885956566,4.5139571428571434,-19.55000000000001,7.557000000000016,0.7940741190475115,1
218.875,220.85,216.58,220.03,90224834.0,1007838.0,219.300466,208.38600000000002,206.08939999999998,206.15189999999998,209.86764237023004,62.8896009321293,0.06534708208189133,219.31621651453935,201.96278348546065,4.907850000000001,-12.439999999999998,13.940600000000018,2.164528479008064,1
220.83,231.0,219.25,229.35,113853967.0,1135405.0,227.258264,213.78000000000003,206.668,206.30540000000002,211.72310500163672,69.9173553719008,1.203203340981138,223.60914558697124,199.48885441302872,5.418564285714287,-3.8700000000000045,22.681999999999988,2.952037331826352,0
227.92,229.56,224.76,227.18,61806132.0,692122.0,227.313985,218.546,207.21259999999998,206.45030000000003,213.19519023957608,64.99999999999999,1.7036203643867602,226.31363497272426,198.64036502727575,5.567142857142859,-0.44999999999998863,19.967400000000026,2.1252277058668643,1
228.005,230.8,227.07,229.65,55672301.0,561508.0,229.351117,223.892,207.7886,206.59439999999998,214.76231497866408,67.29138777331548,2.0705012016648725,229.2110542650175,197.79694573498247,5.637857142857145,2.0,21.861400000000003,2.055891541160598,1
231.07,235.0,230.43,233.33,69878546.0,740719.0,232.806434,227.908,208.42120000000003,206.78670000000002,216.53066593307702,70.33880690085222,2.4069519269335764,232.5917491109975,196.73325088900248,5.865714285714288,0.710000000000008,24.908799999999985,2.0823515680363522,0
234.055,235.12,230.85,232.78,51916275.0,558697.0,232.705778,230.458,209.01139999999998,206.9318,218.07822155849826,69.46847960444993,2.4312576962804346,235.30874654236993,196.29225345763007,6.039285714285717,-4.090000000000003,23.76860000000002,1.7407510165634055,0
234.0,234.28,229.335,231.59,56038657.0,503028.0,231.704507,230.906,209.5868,207.0404,219.36505760054604,67.69572235673928,2.2122582729896365,237.41658654816976,196.22541345183024,6.265000000000002,-9.939999999999998,22.003199999999993,1.434190763682082,0
231.7,233.12,230.11,230.89,37476188.0,430736.0,231.217025,231.648,210.192,207.11180000000002,220.46267116239878,70.66133108677333,1.8784686513794036,239.14977412596878,196.33322587403123,6.195000000000001,-13.710000000000008,20.69799999999998,1.2283568420913034,0
231.275,232.87,229.35,230.56,39402564.0,445624.0,230.871535,231.83,210.7248,207.2021,221.42432152788462,73.59069971484972,1.5095596864251863,240.63585442029625,196.46314557970373,6.112857142857146,-13.909999999999997,19.835200000000015,1.0875946090010182,0
229.98,230.47,225.77,226.01,42263865.0,527559.0,226.822557,230.36599999999999,211.216,207.22369999999998,221.86105281094322,68.94780106863952,0.8652262817852785,241.36791918377986,196.91708081622016,6.263571428571431,-18.860000000000014,14.793999999999983,0.6179860944995714,0
226.27,226.52,223.7804,224.9,30621249.0,406761.0,224.999731,228.79000000000002,211.66060000000002,207.2937,222.15047635275818,75.25796321220278,0.2995999338094828,241.9153146373252,197.4836853626748,5.596400000000003,-20.930000000000007,13.23939999999999,0.468179995638112,1
226.17,229.09,225.41,227.76,42477811.0,488076.0,227.773995,228.02399999999997,212.24020000000002,207.35,222.68471670011454,76.26425650957606,0.06562998845993828,242.71082324545432,198.07617675454566,5.452471428571433,-17.79000000000002,15.519799999999975,0.6601598156714813,0
226.48,229.3,226.23,227.16,30983133.0,426385.0,228.00732,227.27799999999996,212.7994,207.38969999999998,223.11093415724648,75.98627787307035,-0.16915775865188198,243.35194188760977,198.7460581123903,5.44461428571429,-19.939999999999998,14.360600000000005,0.5479994550310777,1
226.87,229.49,224.69,229.31,54575107.0,405233.0,228.201037,227.02800000000002,213.4566,207.44389999999999,223.70132138036587,70.87883515340616,-0.21626600614526215,244.04693427712294,199.855065722877,4.897471428571434,-17.72999999999999,15.853399999999993,0.6660953918223028,1
228.61,230.9,228.26,230.49,31259513.0,387841.0,230.001615,227.92400000000004,214.09799999999998,207.7169,224.34786220128342,65.91600730371275,-0.2046811069866301,244.5567630612705,201.4892369387295,4.543185714285721,-9.870000000000005,16.392000000000024,0.6935155716865647,1
230.82,233.41,229.335,232.56,38074700.0,423338.0,232.080517,229.456,214.83640000000003,208.15869999999998,225.12997056306594,56.26708317063649,-0.0996515496955146,244.91238563309778,203.63261436690217,3.9949714285714344,-4.740000000000009,17.723599999999976,0.8030567753447546,0
232.51,233.38,231.37,232.14,39391509.0,428697.0,232.323694,230.33199999999997,215.54760000000002,208.66549999999998,225.7975924142025,60.39396479463532,-0.10023737082389594,243.89366992637898,207.62733007362104,3.7956857142857183,-9.700000000000017,16.59239999999997,0.7036276642088368,0
229.25,230.85,226.97,229.72,44075638.0,598029.0,229.020572,230.844,216.122,209.2385,226.17115504142131,50.14699706005878,-0.29439702171542237,241.87967267319073,212.27832732680935,3.8985428571428593,-8.310000000000002,13.597999999999985,0.35687567157454403,1
237.21,238.85,234.36,238.47,66427835.0,898535.0,236.992971,232.67600000000002,216.86140000000003,209.6347,227.342473608905,58.89889196675899,0.11380746598526059,239.35403911011556,218.35896088988446,4.168542857142859,2.539999999999992,21.608599999999967,1.8315721235534748,1
238.45,239.8999,236.74,239.78,47549429.0,541770.0,238.494545,234.53400000000002,217.65099999999998,210.12829999999997,228.52699993186644,61.80836707152497,0.4031005632124902,238.93706696461916,221.42893303538094,4.089250000000001,4.039999999999992,22.12900000000002,2.192580897264704,0
239.995,241.32,238.4901,239.69,54848690.0,610605.0,239.673194,235.95999999999998,218.4136,210.54370000000003,229.5901427954982,64.1906096706377,0.5124336053294654,239.52610425520382,222.80589574479617,3.9381714285714287,4.359999999999985,21.276399999999995,2.0392090193598147,0
239.3,240.15,236.34,237.88,48999495.0,563611.0,238.196856,237.108,219.1512,210.8973,230.37965300545076,61.787521079258035,0.3923054309692722,240.41979946186578,222.76520053813428,3.9953142857142865,-1.1899999999999977,18.728800000000007,1.4245579924329481,0
237.0,238.7805,233.36,234.35,66313918.0,757845.0,235.615688,238.03399999999996,219.8166,211.21940000000004,230.7577812906459,55.76864535768644,0.023992203727253525,240.60443229743532,223.2975677025646,4.131064285714284,6.8700000000000045,14.5334,0.5544620718211497,0
232.185,232.42,225.95,226.79,83440810.0,1031749.0,227.773239,235.698,220.24900000000002,211.5446,230.37989735820344,51.087562744004465,-0.7378108868074662,240.7124201915313,222.9035798084687,4.388921428571428,5.949999999999989,6.540999999999968,-1.1270806839893879,1
226.875,230.45,226.65,230.03,50195174.0,592763.0,229.186016,233.748,220.6932,211.87510000000003,230.34657380027932,56.75177678336404,-1.0153984341772464,240.55096946559553,222.73503053440453,4.464664285714282,13.050000000000011,9.33680000000001,-0.36214762662350414,1
229.22,234.51,229.02,234.07,55824216.0,602121.0,233.263743,232.62399999999997,221.12580000000003,212.28420000000003,230.70118581930032,58.05463364820015,-0.9215690325007841,240.6686556468068,222.74634435319317,4.557521428571424,24.389999999999986,12.944199999999967,0.527275742798164,1
237.0,238.19,235.03,236.7,42699524.0,575938.0,236.366102,232.388,221.58880000000002,212.65380000000002,231.27250145555743,61.577669902912604,-0.6877438387293413,241.19727961456556,222.72872038543437,4.6325214285714225,23.20999999999998,15.111199999999968,1.0259598361150275,1
237.175,241.22,236.3235,238.15,63421099.0,679032.0,238.882029,233.148,222.15279999999998,212.98930000000001,231.92750131693293,60.913580246913575,-0.45216683365740273,241.9454307742732,222.70656922572684,4.639414285714279,24.150000000000006,15.99720000000002,1.2108824600258188,1
238.97,240.1,237.7301,238.99,46508017.0,509297.0,239.223445,235.58800000000002,222.73239999999998,213.2955,232.60012023912978,60.58266932270916,-0.2657393583298715,242.7713743953981,222.7236256046019,4.620121428571421,26.30000000000001,16.257600000000025,1.245526381069958,0
239.97,241.2,236.65,237.88,44249576.0,517293.0,238.045428,237.158,223.2672,213.58149999999998,233.10296593064123,56.78571428571426,-0.2437294630682274,243.08697979195745,223.5950202080425,4.654049999999992,22.639999999999986,14.612799999999993,0.9314609914840299,1
241.225,246.3,240.2106,245.5,163741314.0,908635.0,244.355209,239.44400000000002,223.929,213.93509999999998,234.28363584200872,64.39655172413794,0.2317565971026454,244.69773974128285,224.04426025871717,5.111907142857136,31.400000000000006,21.570999999999998,2.1553753224766568,1
248.3,256.64,248.12,256.08,105517416.0,1183543.0,253.949432,243.32,224.8274,214.3838,236.3594800475317,74.15689149560114,1.154919031903705,249.50615004272183,222.06784995727813,5.538335714285708,37.809999999999974,31.252599999999973,2.958346535580845,0
255.875,257.34,253.58,254.43,60275187.0,673983.0,255.189809,246.57599999999996,225.74360000000001,214.8031,238.08048194776677,66.8141592920354,1.5271603225247095,252.5741680393949,221.72683196060515,5.154764285714277,33.70000000000002,28.686399999999992,2.240647290367631,0
255.22,255.74,251.04,252.31,42303710.0,491242.0,252.271211,249.23999999999995,226.6076,215.19300000000004,239.43567414321757,62.97907603066086,1.501106400253776,254.66388849865368,221.93711150134632,5.2647714285714216,28.560000000000002,25.70240000000001,1.7122981589238262,1
253.205,257.17,251.712,256.87,55202075.0,625867.0,254.78271,253.038,227.5418,215.7082,241.0960861295778,66.28744785741372,1.649655213633424,257.5132771894376,221.7257228105623,5.452492857142853,35.34,29.32820000000001,1.9281004583182901,0
254.095,257.6,253.78,255.46,46076258.0,550704.0,255.515387,255.03000000000003,228.4506,216.2739,242.46407792676087,66.79403897592664,1.5151031139248525,259.65896532717915,221.87003467282085,5.45320714285714,31.610000000000014,27.0094,1.5555348876542119,0
254.56,255.0,253.01,254.43,40127687.0,489835.0,254.01784,254.7,229.31560000000002,216.8331,243.60368955278366,70.14446227929375,1.2309597756524688,261.2549241816929,222.5030758183071,5.241028571428572,36.53,25.11439999999999,1.295525300605654,1
254.855,255.919,253.11,254.63,37704259.0,439294.0,254.552522,254.74,230.15859999999998,217.41690000000003,244.65381435728045,82.76836158192091,0.9436409305983853,262.41178457600404,223.83721542399596,4.841671428571429,32.5,24.471400000000017,1.1930658206095428,1
255.04,258.79,254.93,255.45,48713940.0,535581.0,256.024007,255.368,230.9796,217.99649999999997,245.68202251372992,81.72740888666999,0.7068096710502063,263.8829500439516,224.0640499560484,4.867385714285717,32.25999999999999,24.470399999999984,1.1528696146467883,1
256.575,258.18,254.15,257.13,42630239.0,485229.0,256.906581,255.42,231.83919999999998,218.5825,246.77230608385088,80.58355437665784,0.5673103666305996,265.4797034476483,224.2022965523516,4.763100000000004,33.24000000000001,25.29080000000002,1.1908693810318072,1
254.665,259.24,253.95,258.02,49155614.0,706052.0,257.943045,255.93199999999996,232.72439999999997,219.0548,247.84351502824603,79.6440489432703,0.4444206606050489,267.0506675476078,224.46433245239217,4.846671428571434,54.829999999999984,25.295600000000007,1.1517779092831706,0
257.99,259.07,255.05,256.69,44664118.0,649161.0,256.913498,256.38399999999996,233.5806,219.49239999999998,248.68603740650832,75.86495535714289,0.19569547226916573,268.18689025079004,225.20910974921,4.784064285714289,68.31,23.109399999999994,0.9299689172764656,0
256.805,257.4,255.43,256.48,31955776.0,511382.0,256.418255,256.754,234.42919999999998,219.93390000000002,249.42831955826944,74.83669412098843,-0.04783261925965654,268.8915201782986,226.71747982170146,4.755500000000002,75.02000000000001,22.050800000000038,0.822828443909612,1
256.52,258.52,256.11,258.06,36496895.0,395556.0,257.816008,257.276,235.365,220.4,250.25038436224378,78.27914798206288,-0.16099448777677505,268.43476314538145,230.30123685461857,4.602642857142858,85.64000000000001,22.694999999999993,0.9117436382593848,0
257.805,258.0,253.14,254.04,38322012.0,536585.0,254.546845,256.658,236.2648,220.8278,250.6113001372682,63.31047381546138,-0.5435251795602651,267.40122036056005,233.73577963943998,4.352642857142858,55.19,17.775199999999984,0.41247046533653653,0
254.94,256.38,244.0,245.27,61999098.0,908253.0,248.52861,254.108,237.0188,221.1927,250.1026048860998,32.14403700033034,-1.3767332395663656,266.31484327628715,235.9421567237128,4.441214285714287,54.85000000000002,8.251200000000011,-0.7715484752867088,1
249.38,249.69,245.56,247.66,38142942.0,614923.0,247.885625,252.302,237.92440000000002,221.6007,249.8699758493284,39.084166397936094,-1.733396017843691,265.39020160018504,237.96279839981503,4.488357142857146,49.50999999999999,9.735599999999977,-0.5857645320131298,1
246.6,248.845,244.7,247.77,35477986.0,533528.0,247.379341,250.56000000000003,238.81280000000004,222.0575,249.66997814939236,42.17241379310343,-1.9142261069047688,264.4776074414304,239.83739255856952,4.4487142857142885,45.25,8.957199999999972,-0.7122502820463296,1
249.485,251.82,247.47,249.34,33893611.0,528880.0,249.637944,248.81599999999997,239.7412,222.5373,249.63855165897405,35.52479815455588,-1.877831563054695,263.43729382710865,241.91270617289135,4.369571428571429,47.20000000000002,9.598800000000011,-0.6197563555827896,0
248.25,249.04,245.13,247.45,39776974.0,616258.0,247.367783,247.498,240.42520000000002,223.0591,249.4301181676432,34.88108720271792,-1.9237218485947638,261.78645344960955,244.52054655039038,4.397428571428571,53.17999999999998,7.024799999999971,-1.321332272504706,1
248.02,253.38,247.27,252.29,49146961.0,634830.0,250.730053,248.902,241.0704,223.57989999999998,249.7024878659629,46.468646864686434,-1.584903597761647,261.35860560789286,245.62739439210713,4.65885714285714,55.31,11.219599999999986,-0.3058887160049917,1
255.885,264.375,255.63,262.24,90483029.0,1160822.0,261.743669,251.81799999999998,241.7282,224.1981,250.8965366406331,59.500624219725374,-0.6929983239513673,262.5283554202603,245.0736445797397,5.321428571428569,69.08000000000001,20.511800000000022,1.933919175655234,1
261.88,265.29,261.83,262.77,46692347.0,714858.0,263.454079,254.81799999999998,242.44,224.8263,252.02734267485852,59.20523138832999,-0.10076687727493727,263.82459334985305,244.6114066501469,5.2714285714285705,63.02999999999997,20.329999999999984,1.7804438448788489,0
262.65,262.85,255.43,258.45,45011970.0,687110.0,258.688074,256.64,243.016,225.40230000000003,252.63902432487197,51.5566037735849,-0.03669693226938975,264.26634865838287,244.78365134161712,5.513571428571429,53.849999999999994,15.433999999999997,0.8058432436092593,1
259.94,260.62,258.0101,259.58,32752139.0,482428.0,259.55946,259.066,243.541,225.9811,253.30006962726512,51.82926829268293,0.0408628708276888,264.6123069768877,244.70869302311232,5.322135714285712,51.20999999999998,16.038999999999987,0.9886646739481855,1
261.19,264.13,259.18,262.82,38253517.0,599532.0,262.561732,261.172,244.1418,226.57659999999998,254.20672966276368,56.87991021324355,0.2573741785016468,265.6280278444977,244.42897215550224,5.388564285714283,53.53999999999999,18.678200000000004,1.4701598249104308,1
264.88,269.12,264.6501,268.81,44888052.0,661981.0,267.017412,262.486,244.88620000000003,227.2365,255.59751731392905,62.249155573216754,0.7245396844745162,267.9983412170872,243.49665878291282,5.697850000000001,58.670000000000016,23.92379999999997,2.1325066203259118,1
268.985,269.89,268.15,269.0,41534547.0,585457.0,269.003607,263.732,245.6484,227.9202,256.873944236412,61.17695136902329,0.9525269755421801,270.0535320558366,242.8784679441634,5.649992857142861,57.78999999999999,23.35159999999999,1.8449266501808819,1
269.275,271.41,267.11,269.7,51086742.0,687375.0,269.541758,265.98199999999997,246.4312,228.57800000000003,258.0954733567537,67.1635247698378,1.049026531523733,271.98179447685163,242.3752055231483,5.605707142857146,57.19999999999999,23.2688,1.6917180185235432,1
271.99,274.14,268.48,271.4,69886281.0,984732.0,271.298242,268.346,247.33899999999997,229.2775,259.36257113230096,83.89105058365756,1.1194801764675928,274.0032600049572,241.78073999504278,5.125707142857144,58.079999999999984,24.061000000000007,1.6768396755863613,0
276.99,277.32,269.16,270.37,86167123.0,1013846.0,271.334686,269.85599999999994,248.2484,229.95449999999997,260.41089769112943,80.53240118311378,0.9931417084872258,275.56068174635806,241.45831825364195,5.39285,65.02000000000001,22.1216,1.3911645745648429,0
270.42,270.85,266.25,269.05,50194583.0,731851.0,268.158598,269.904,249.0742,230.65720000000002,261.2336693395933,77.70833333333337,0.729309934525892,276.7861425835822,241.46885741641782,5.425350000000001,70.16000000000003,19.97580000000002,1.1238123149086536,1
268.325,271.486,267.615,270.04,49274846.0,713303.0,269.848198,270.11199999999997,249.9318,231.36559999999997,262.07236749772727,77.36647276573247,0.5388870761699014,278.06711401179416,241.54388598820594,5.391135714285714,71.53000000000003,20.10820000000001,1.1208757334800858,1
268.61,271.7,266.93,270.14,43683072.0,588621.0,269.802736,270.2,250.7484,232.1025,262.84071345032464,81.48764918123793,0.3464318313922501,279.218903555276,241.60009644472402,5.431135714285712,73.88999999999999,19.391599999999983,1.0346420577775985,0
267.89,273.4,267.89,269.77,51204045.0,718679.0,270.769052,269.87399999999997,251.53400000000002,232.81599999999997,263.5006455026747,77.69328263624848,0.1320076579138103,280.1984745203014,242.19352547969868,5.38827857142857,72.27999999999997,18.23599999999996,0.9024087879544211,0
269.795,272.29,266.77,268.47,48227365.0,754451.0,268.99162,269.494,252.2522,233.5443,263.9739173595628,63.5966826713227,-0.14459704447775223,280.0526144844288,244.65938551557136,4.9193500000000006,69.94000000000003,16.21780000000004,0.6909796227272401,1
268.96,273.73,267.455,269.43,41312412.0,675207.0,270.06817,269.57,252.998,234.2728,264.4935442776997,64.26735218509012,-0.30111773604677783,279.9747319211917,246.91426807880822,5.1204214285714285,58.640000000000015,16.432000000000016,0.7241882665090322,1
269.81,275.91,269.8,275.25,46208318.0,702875.0,274.120398,270.61199999999997,253.9086,235.0153,265.5179686322045,83.81642512077316,-0.06332686837178159,280.4042766130387,249.23272338696125,5.053278571428572,62.31999999999999,21.341399999999993,1.338592263830249,0
275.0,275.73,271.7,273.47,48397982.0,591930.0,273.72539,271.278,254.60859999999997,235.735,266.2753049529469,77.24597881522192,-0.07572445493277158,280.24140786667095,251.80859213332897,5.15471428571429,61.140000000000015,18.86140000000006,1.0473813173937045,0
274.11,276.699,272.09,272.95,49602794.0,684410.0,273.46036,271.914,255.27200000000002,236.4615,266.91099019552337,72.24418093983323,-0.163702567918941,278.8203910752319,255.77960892476813,5.13035714285715,61.5,17.67799999999997,0.9808694797083976,0
271.05,275.96,269.6,272.41,47431331.0,705592.0,273.103052,272.702,255.9264,237.17,267.4347054149973,60.392609699769224,-0.2953443745810844,277.60782189284885,259.0041781071511,5.13464285714286,61.150000000000034,16.483600000000024,0.8824077793093736,0
268.815,270.49,265.73,267.46,45018260.0,705791.0,267.823388,272.308,256.51800000000003,237.8346,267.43711442309285,46.51268115942022,-0.7282156053642268,277.43498404670413,259.6990159532959,5.487500000000003,58.67999999999998,10.94199999999995,-0.24966215414234064,0
269.99,270.71,265.32,267.44,45677278.0,706583.0,267.729563,270.746,257.1798,238.4982,267.4373892399411,44.71962616822429,-1.0109189449106681,277.26242581041805,260.33857418958195,5.5653571428571444,60.579999999999984,10.260199999999998,-0.32155800712055327,1
265.525,272.21,265.5,268.56,40424492.0,626377.0,269.350428,269.764,258.0152,239.13209999999998,267.5443045504229,43.1796349663785,-1.1096239577458258,276.2332046462114,262.3787953537886,5.6403571428571455,66.47,10.54480000000001,-0.21538269420349213,0
270.83,275.43,265.92,266.25,45823568.0,756494.0,269.604333,268.424,258.73960000000005,239.7164,267.42103745038264,40.678733031674156,-1.3041936336042355,275.0772606652553,264.2017393347447,5.736785714285718,64.88999999999999,7.510399999999947,-1.246652881086611,1
265.95,273.33,265.67,271.49,59030832.0,794102.0,270.477701,268.23999999999995,259.488,240.30689999999998,267.80855769320334,54.688700999231365,-1.0638538761932352,274.512398252249,265.63360174775096,5.955357142857143,76.22,12.00200000000001,0.6383748064423711,1
270.9,277.0,270.9,275.92,65585796.0,755844.0,275.340659,269.93199999999996,260.2724,240.93060000000003,268.5810760081364,59.97963340122202,-0.6127878883438598,275.5312104252717,265.3257895747283,6.114571428571431,75.71000000000001,15.647600000000011,2.1523855137076886,1
275.27,280.38,275.25,276.97,46914220.0,667295.0,278.139723,271.838,261.0488,241.60080000000002,269.3800211502186,61.229858599145096,-0.26759544228739296,276.65349881326847,265.0005011867315,6.140285714285718,76.55000000000004,15.921199999999999,2.1086419810163926,1
276.96,279.53,276.63,277.55,33431423.0,538937.0,278.051861,273.6360000000001,261.82,242.27620000000002,270.1581143740073,62.70411495754416,-0.03624243739343935,277.7423488286999,264.6966511713002,5.953857142857146,77.60000000000002,15.730000000000018,1.941023061011756,1
277.26,279.0,275.9865,278.85,20135620.0,369623.0,277.611028,276.15600000000006,262.63939999999997,242.95329999999998,270.9859130050542,66.94970607446112,0.15766162620163904,278.95503312786724,264.22896687213273,5.77482142857143,78.00000000000003,16.210600000000056,1.971470146597682,1
278.01,283.42,276.14,283.1,46587722.0,644276.0,280.928412,278.47799999999995,263.3914,243.6602,272.1396355760014,70.15629607785314,0.5058314129965495,281.176958908777,263.280041091223,5.8466071428571444,81.40000000000003,19.708600000000047,2.429803860268462,1
283.0,287.4,282.6301,286.19,53669532.0,682387.0,285.620557,280.53200000000004,263.9936,244.41049999999998,273.47776552114414,67.54329698524694,0.8572589487844704,283.8508195126987,262.32018048730134,5.72445714285714,82.91999999999999,22.196399999999983,2.434577066577917,0
286.2,288.62,283.3,284.15,43538687.0,626171.0,285.633825,281.968,264.58799999999997,245.16580000000002,274.49416880484466,66.98473282442737,0.8629674844611097,285.5220292992992,262.0599707007008,5.816599999999994,81.32999999999998,19.562000000000012,1.7660854364448317,0
284.095,284.73,278.59,280.7,43989056.0,622885.0,280.733101,282.59799999999996,265.1558,245.8817,275.0852003472404,61.27436718068083,0.5597370142445701,286.3059207669713,262.3320792330287,5.925957142857137,80.07,15.54419999999999,1.0646604118018608,0
280.54,281.14,278.05,278.78,47265845.0,551753.0,279.205908,282.584,265.594,246.5679,275.4370860284556,58.90909090909082,0.1751306743530403,286.7137379413658,262.82526205863417,5.69238571428571,74.85999999999999,13.185999999999979,0.6715371913532683,0
278.13,279.6693,276.15,277.89,38211832.0,604852.0,277.492407,281.54200000000003,266.0426,247.2466,275.6706968828884,66.45629536131273,-0.17498574876914486,286.8777803388151,263.6032196611849,5.466621428571427,76.44,11.847399999999993,0.4553469406701172,0
278.16,280.03,276.92,277.18,32193256.0,509389.0,277.838531,279.74,266.4976,247.9066,275.81444003689904,65.04014823965413,-0.47324487139641125,286.9628231012577,264.2931768987424,5.303764285714282,74.51000000000002,10.68240000000003,0.2738463558073102,1
277.75,279.75,276.44,278.78,33038318.0,517045.0,278.483729,278.666,266.98060000000004,248.56959999999998,276.09687431909913,65.55082166768105,-0.5748681824500812,287.22415706001647,264.38484293998357,5.060907142857141,79.99999999999997,11.799399999999935,0.5211189765790865,0
279.095,279.59,273.81,278.03,33247986.0,578987.0,277.100462,278.132,267.4322,249.2059,276.280981526804,68.8178913738019,-0.6965779834879466,287.43798321503226,264.6270167849677,4.794478571428568,78.82999999999998,10.59779999999995,0.35027012224564447,1
277.9,279.22,276.82,278.28,39532887.0,597250.0,278.24054,278.03200000000004,267.8552,249.84720000000002,276.4713642385369,62.90383884454575,-0.7590920724763279,287.6501694737157,264.94783052628435,4.418764285714287,81.82999999999998,10.424799999999948,0.3490389258282266,0
280.15,280.15,272.84,274.11,50409078.0,723431.0,274.501809,277.27599999999995,268.177,250.45069999999998,276.2464724062953,46.52591170825334,-1.0615702938116045,287.6375924556498,265.13040754435025,4.505192857142857,75.69000000000003,5.932999999999993,-0.4041376136485847,1
272.82,275.5,271.79,274.61,37648628.0,569202.0,273.872883,276.762,268.5354,251.058,276.09061789141003,45.372549019607796,-1.1981489527784608,287.22967936134535,266.2533206386546,4.403764285714284,78.97000000000003,6.074600000000032,-0.40645757982661707,0
275.01,276.16,271.64,271.84,50138743.0,624189.0,272.960593,275.37399999999997,268.8426,251.6359,275.6857971398472,39.689418562657906,-1.4295382379326336,286.7921486909142,267.1308513090858,4.519478571428574,75.25999999999996,2.9973999999999705,-1.0419454831568744,1
273.605,273.63,266.95,272.19,51630721.0,658922.0,271.260997,274.206,269.1252,252.2451,275.35286407890936,37.54674644726993,-1.5058538601922704,286.4400965473361,267.84590345266395,4.781371428571431,71.19,3.064799999999991,-1.065493936689135,1
272.145,274.6,269.9,273.67,144632048.0,690849.0,272.817727,273.284,269.51779999999997,252.8913,275.19259130948944,30.329578639966584,-1.4054256181370612,285.4773698235942,269.55063017640583,4.5970857142857176,72.17000000000002,4.15220000000005,-0.9654204401284607,0
272.86,273.88,270.505,270.97,36571827.0,613487.0,271.552592,272.65600000000006,270.0318,253.5253,274.7904397562047,17.726887192536083,-1.4630369459109507,285.5371165909495,269.4388834090505,4.497450000000007,70.67000000000002,0.9382000000000517,-1.6195566125427643,1
270.84,272.5,269.56,272.36,29641999.0,494061.0,271.797736,272.206,270.5258,254.22510000000003,274.55896930323286,24.291321412996098,-1.352335531162436,285.6570562097295,268.96294379027063,4.327450000000007,70.80000000000001,1.8342000000000098,-1.1860468830269195,1
272.34,275.43,272.195,273.81,17910574.0,344039.0,274.293647,272.6,271.0466,254.92969999999997,274.48763889340114,33.54037267080744,-1.1350307951932204,285.64451707774265,268.6594829222573,4.119950000000005,72.81,2.76339999999999,-0.78704581207349,0
274.16,275.37,272.86,273.4,21521802.0,427277.0,274.097572,272.842,271.5278,255.6345,274.38405423688675,36.14830072090626,-0.9784145259963937,285.597354655209,268.291645344791,4.078521428571435,72.31999999999996,1.872199999999964,-0.8192671993782413,1
272.69,274.36,272.35,273.76,23715213.0,478414.0,273.625521,272.86,272.05400000000003,256.2396,274.3246205000404,39.068290100582324,-0.8166770899117024,285.40606139926456,267.9739386007353,3.970714285714288,68.59,1.7059999999999604,-0.6723220192659848,0
272.81,274.08,272.28,273.08,22139617.0,431190.0,273.04204,273.282,272.4698,256.7701,274.20608521432223,39.130434782608646,-0.7247173473788245,284.4960063009589,267.881993699041,3.8771428571428634,65.25999999999999,0.6101999999999634,-0.7485247723096307,0
273.06,273.68,271.75,271.86,27293639.0,421948.0,272.306844,273.18199999999996,272.6622,257.1952,273.9826485272439,31.277056277056403,-0.7141233540371531,282.5246810735897,268.42031892641023,3.778571428571435,59.420000000000016,-0.8021999999999707,-1.0245057415013583,0
272.255,277.84,269.0,271.01,37838054.0,642187.0,271.97566,272.622,272.827,257.63349999999997,273.6995391436969,31.108719052744974,-0.7298430234200601,280.836776224222,268.794223775778,3.997142857142864,57.45999999999998,-1.8170000000000073,-1.2640177458364974,0
270.64,271.51,266.14,267.26,45572200.0,752822.0,267.974574,271.39399999999995,273.0032,258.00960000000003,273.08624970144,25.04528985507254,-0.94463930096257,280.39509272337114,267.8919072766289,4.209285714285719,57.31,-5.743200000000002,-2.202158811231113,0
267.0,267.55,262.12,262.36,52352090.0,783173.0,263.146904,269.114,273.0588,258.2999,272.06470211082666,24.243752740026366,-1.3441902532844145,281.12957337846916,265.51542662153093,4.075000000000005,52.35000000000002,-10.698800000000006,-2.8083507016171247,0
263.2,263.68,259.81,260.33,48309804.0,732706.0,261.431297,266.56399999999996,273.009,258.5754,270.9471114336051,20.665571076417464,-1.6523763586721127,281.8705523075793,263.0184476924207,4.086428571428578,49.19,-12.67900000000003,-2.5704291902261107,0
257.02,259.29,255.7,259.04,50419337.0,764090.0,257.400524,264.0,272.81359999999995,258.8499,269.8131008208808,22.003499562554794,-1.8361499519470028,282.42295504693783,260.6520449530622,4.094285714285718,46.630000000000024,-13.77359999999993,-2.2961832915778118,1
259.075,260.21,256.22,259.37,39996967.0,649745.0,258.681183,261.67199999999997,272.621,259.1347,268.8185197903207,21.935201401050776,-1.8247409049295662,282.1709849779452,258.96301502205483,3.9021428571428567,48.21000000000001,-13.250999999999976,-1.929854273558838,1
259.16,261.3,256.8,260.25,45263767.0,664531.0,260.008591,260.27,272.432,259.4316,268.0024702864806,19.82913669064739,-1.6523345726609449,281.5947014157246,257.7612985842754,3.8878571428571393,51.629999999999995,-12.182000000000016,-1.5823170642774216,1
258.72,261.81,258.39,261.05,45730847.0,602102.0,260.4119,260.008,272.225,259.782,267.3403302591968,25.614552605702983,-1.3893954942395315,280.6053551740932,257.02764482590686,3.891071428571426,51.94,-11.175000000000011,-1.3176003751521934,0
259.49,261.82,256.71,259.96,40019421.0,612223.0,259.195963,259.934,272.0168,260.13259999999997,266.6374416630828,19.061876247504927,-1.200944616655586,280.2532780981938,255.96472190180629,4.046071428571428,49.79999999999998,-12.05680000000001,-1.3420311910037825,0
260.65,261.04,257.05,258.21,39388564.0,601833.0,259.008116,259.76800000000003,271.8,260.43710000000004,265.83482817136064,11.651917404129804,-1.1084428690957302,279.794373834348,254.7836261656521,4.099999999999999,48.18999999999997,-13.590000000000032,-1.4520157686231168,0
257.9,258.9,254.93,255.53,72142773.0,661895.0,256.34524,259.0,271.5098,260.7208,264.8534159645644,10.482087571870878,-1.1377533336872299,279.827682904715,253.119317095285,4.204285714285711,44.349999999999994,-15.979799999999983,-1.638962125662685,0
252.73,254.79,243.42,246.7,80267517.0,1016079.0,248.18664,256.29,271.041,260.8947,263.12451920603445,6.467181467181433,-1.6317622924607011,280.9129788924234,249.48502110757653,4.925714285714284,34.22,-24.341000000000008,-2.354464152795746,1
248.7,251.56,245.18,247.65,54641725.0,806424.0,247.761893,253.60999999999999,270.59860000000003,261.06629999999996,261.6507554721264,9.441786283891588,-1.7632826302786908,280.9136022520494,246.8823977479506,5.25285714285714,33.25,-22.948600000000027,-1.9097766578368434,1
249.2,251.0,248.15,248.35,39708340.0,611659.0,249.293046,251.288,270.19620000000003,261.2242,260.3840168557334,11.871553681479057,-1.6726431477824875,280.78111621917213,244.75288378082786,5.3542857142857105,34.19999999999999,-21.84620000000004,-1.6006336169471598,0
247.32,249.41,244.68,248.04,41688982.0,629226.0,247.531759,249.254,269.7684,261.38320000000004,259.20839620280645,12.083195774182883,-1.508153213692509,280.11355755971783,242.9884424402821,5.060714285714283,34.28,-21.728399999999993,-1.455726125727402,1
251.48,256.56,249.8,255.41,55969234.0,771970.0,254.616271,249.22999999999996,269.3716,261.6401,258.84664418349155,32.52727808905928,-0.8124410370546,278.4440725503534,242.8179274496466,5.285714285714284,41.53,-13.961600000000004,-0.5861987015705943,1
259.17,261.95,258.21,258.27,49648271.0,698663.0,259.87687,251.544,269.0676,261.8381,258.7917256898257,43.58330718544081,-0.10620537853623269,276.65972216587664,243.08927783412338,5.364999999999997,44.21999999999997,-10.797600000000045,-0.19118007305996615,0
257.65,258.855,254.51,256.44,41287971.0,620112.0,256.163807,253.302,268.73740000000004,262.0047,258.5677518146042,43.85854120618884,0.2705413745685057,274.51586364983945,243.50113635016058,5.39892857142857,45.16999999999999,-12.297400000000039,-0.33126198082375163,1
258.0,259.65,254.41,258.28,67253009.0,923855.0,257.435337,255.288,268.4548,262.19059999999996,258.54034687988,48.820608317814944,0.6546153853718666,272.28986456306825,244.24713543693176,5.442499999999997,49.22999999999996,-10.174800000000005,0.001640353896830555,1
255.165,261.8999,252.18,259.48,92443408.0,1003197.0,257.314309,257.576,268.29519999999997,262.4066,258.62983765322474,50.16621335750985,0.9808128793279574,270.15566096590806,245.14333903409192,5.851778571428572,51.910000000000025,-8.815199999999948,0.2927357172180963,1
260.03,270.49,259.205,270.01,73913425.0,916103.0,266.41686,260.496,268.3466,262.7632,259.7136626386319,61.41787552643891,1.8468180145984556,269.8868344717637,245.3121655282363,6.336421428571431,67.63,1.6633999999999673,2.020047558487053,0
269.2,271.875,267.61,269.48,64394655.0,806130.0,269.684498,262.738,268.365,263.19010000000003,260.6437900063812,59.92465269602073,2.295734067784907,270.39885267811195,245.0221473218881,6.396778571428571,66.13000000000002,1.115000000000009,1.8551659618199285,1
272.285,278.95,272.285,276.49,90545710.0,1099346.0,276.108776,266.748,268.5698,263.6547,262.1529528629163,67.07997520148797,2.9356465862381818,273.53611874346143,243.29788125653852,6.70820714285714,73.57000000000002,7.9202000000000226,2.390747808342471,0
278.13,279.5,273.23,275.91,52977441.0,833540.0,275.657966,270.274,268.6582,264.07309999999995,263.4631478283529,68.74205844980949,3.170659716515311,276.2161149108603,242.17588508913974,6.871064285714281,62.660000000000025,7.251800000000003,1.9640290429925393,1
277.12,280.905,276.925,278.12,50453414.0,801994.0,278.654438,274.002,268.70219999999995,264.4873,264.85903851136686,74.16042780748668,3.3103946850572195,279.156323601424,241.14367639857596,6.944278571428565,58.09,9.417800000000057,1.890949599390557,0
277.905,278.2,271.7,274.62,44623396.0,728418.0,273.907223,274.924,268.6552,264.85200000000003,265.78865389123666,83.703524867214,3.0111420902060453,280.9809931120754,240.84400688792465,6.543564285714278,45.27000000000001,5.964800000000025,1.366071674983117,0
274.885,275.37,272.94,273.68,34376898.0,516013.0,273.912411,275.764,268.57779999999997,265.1989,266.54021066349986,81.42960637527176,2.608938128194241,282.4423588192246,240.72564118077545,6.261421428571422,46.5,5.102200000000039,1.1598227938097858,1
274.695,280.18,274.45,275.5,51931283.0,789523.0,277.12546,275.566,268.5108,265.5751,267.3935239336427,81.91864566188582,2.333480894453511,284.0684545126459,240.5445454873541,6.486421428571423,45.849999999999994,6.9891999999999825,1.212528956655359,0
275.59,275.72,260.18,261.73,81077229.0,1034376.0,264.353273,272.73,268.0834,265.73740000000004,266.8541407018672,62.22539739239155,1.1516701239745282,284.1311561507657,240.65884384923427,7.258564285714281,28.400000000000006,-6.353399999999965,-0.06118837161339929,0
262.01,262.23,255.45,255.78,56290673.0,768655.0,257.894629,268.262,267.47520000000003,265.7344,265.79946063502274,50.33901411031703,-0.03984376902519493,284.13495878023565,240.41204121976426,7.134278571428569,23.0,-11.695200000000028,-0.5940591673480217,1
258.05,266.29,255.54,263.88,58469094.0,781752.0,262.293107,266.11400000000003,267.0698,265.8289,265.6166548602587,54.68985119545228,-0.2782492754383825,284.3279857809297,241.05401421907027,7.434992857142857,32.28999999999999,-3.189799999999991,0.10990440277018398,1
263.6,266.82,262.45,264.35,34203337.0,547326.0,264.62366,264.24800000000005,266.7428,265.9493,265.4960210640436,56.766467065868284,-0.3930618878704526,283.86205033600936,243.28494966399066,7.43677857142857,33.460000000000036,-2.3927999999999656,0.07654563654277644,0
262.6,264.48,260.05,260.58,30845294.0,510022.0,261.777992,261.264,266.3788,265.9864,265.02782858175374,51.904604173567414,-0.6940812289210673,283.15069910016524,245.2893008998348,7.378921428571429,30.019999999999982,-5.798800000000028,-0.3845605469444365,1
258.97,264.75,258.16,264.58,42070499.0,631324.0,262.687785,261.834,266.1126,266.0776,264.98517824063435,54.03608736942068,-0.5985862093950486,282.4269988430899,247.63600115691005,7.155357142857142,38.56999999999999,-1.5326000000000022,-0.0519099801704578,1
263.49,269.43,263.381,266.18,37485756.0,667289.0,266.560493,263.91400000000004,265.8926,266.19509999999997,265.09897078914537,46.47004608294933,-0.41136777125049995,281.3863481213045,250.49065187869556,6.781357142857142,41.28,0.287399999999991,0.03126649072460981,1
267.86,274.89,267.71,272.14,47170799.0,651152.0,272.551705,265.566,265.7598,266.3702,265.76954499970293,52.22855227882035,0.10270943342172545,281.62254596061496,251.92745403938503,7.098857142857142,44.379999999999995,6.380200000000002,0.7226783488977058,1
271.78,274.94,271.05,274.23,33872816.0,584207.0,273.764144,267.54200000000003,265.68379999999996,266.55800000000005,266.57530261877884,47.936449963476996,0.5474981495565567,282.2099512212268,252.93604877877317,6.700285714285714,47.07000000000002,8.546200000000056,0.9096156568925258,0
274.945,276.11,270.795,272.95,32503510.0,607281.0,272.73557,270.01599999999996,265.5772,266.7162,267.1824166550856,47.331410025243386,0.7092282378430554,282.2319533877669,254.56504661223312,6.63207142857143,43.639999999999986,7.372799999999984,0.6580424818613875,0
272.81,272.81,262.89,264.18,72529622.0,768081.0,265.602793,269.93600000000004,265.3786,266.7778,266.89647221174414,38.761689777491156,0.20545372686644214,281.85366521252655,255.5333347874735,6.993857142857148,33.69,-1.198599999999999,-0.6859336379309043,1
262.41,266.53,260.2,264.72,42020588.0,705079.0,264.48285,269.644,265.1808,266.85810000000004,266.68918914395897,41.618692854724046,-0.09536330210853161,281.53936180370226,256.3716381962977,6.98171428571429,32.160000000000025,-0.46079999999994925,-0.6731637816864496,0
263.48,265.56,260.13,263.75,38686890.0,627107.0,263.132491,267.966,265.019,266.9308,266.4092663683438,41.59756303943139,-0.34934850767841163,281.42575693611286,255.85924306388713,7.196000000000004,31.610000000000014,-1.2690000000000055,-0.7654543790289648,0
264.65,266.15,261.42,262.52,39959953.0,637658.0,263.290257,265.624,264.8256,266.97540000000004,266.0388600475492,38.905982905982924,-0.5764624661322028,281.357641356703,255.23135864329703,7.06957142857143,32.79999999999998,-2.3056000000000267,-0.8840905632605778,0
260.79,261.555,257.25,260.29,49818541.0,758529.0,259.702323,263.092,264.55800000000005,267.03790000000004,265.4913495668302,48.46678023850087,-0.8373321477369959,280.4163105949283,254.55268940507176,6.3359999999999985,21.82000000000002,-4.268000000000029,-1.1126825508597555,0
258.63,258.77,254.37,257.46,41273884.0,621156.0,256.978693,261.748,264.2878,267.1598,264.726459131894,51.91605839416055,-1.142066191830402,279.5950116889441,253.52898831105594,6.274571428571426,17.67999999999998,-6.827800000000025,-1.3967608128091027,1
255.69,261.15,253.6805,259.88,38398591.0,690562.0,258.003938,260.78,264.0382,267.282,264.2648915955231,44.758909853249506,-1.1206731714870841,277.80045158354835,253.49954841645157,6.040249999999994,20.189999999999998,-4.158200000000022,-0.9497589386410147,1
257.645,262.48,256.95,260.83,30750595.0,571024.0,260.679291,260.196,263.7786,267.4126,263.9377590626162,45.44513457556933,-0.9872492077279502,276.51833894387596,253.4026610561241,6.123107142857139,22.94999999999999,-2.948599999999999,-0.7147529949253421,0
261.09,262.13,259.55,260.81,26372593.0,493478.0,260.680771,259.854,263.5268,267.52729999999997,263.63987724712894,50.32960733734596,-0.8502537169474816,275.24679915065354,253.38720084934633,5.99096428571428,26.460000000000008,-2.716799999999978,-0.6417318290410171,0
258.66,258.95,254.18,255.76,40952141.0,664408.0,255.714195,258.948,263.1668,267.61039999999997,262.8894127474024,37.729549248747965,-1.0372661410163035,273.54986507274964,253.11013492725036,5.993821428571424,28.97,-7.4068000000000325,-1.481428560184172,0
255.48,256.33,249.52,250.12,37092748.0,664343.0,251.845311,257.47999999999996,262.70759999999996,267.5887,261.6732782000307,29.91495747873941,-1.452845231042886,274.5488870938036,250.95011290619644,6.048178571428563,20.090000000000003,-12.587599999999952,-2.1407044111015483,1
252.105,253.885,249.88,252.82,32254050.0,614630.0,252.767518,256.06800000000004,262.3268,267.4945,260.83010884764684,23.692810457516416,-1.4543494922073021,274.8352260752461,250.36777392475398,5.7121071428571355,18.75,-9.506799999999998,-1.5991039753280252,1
252.955,255.13,252.18,254.23,32510780.0,482574.0,254.163576,254.748,261.99120000000005,267.4091,260.20152705263285,22.25305216426193,-1.2752508463948649,274.88981854525133,249.34818145474873,5.644964285714279,17.53,-7.761200000000059,-1.235472882501095,0
252.625,254.94,249.0,249.94,35915193.0,566867.0,250.898449,252.574,261.6448,267.32399999999996,259.22423876190595,20.53777208706788,-1.3531965734341354,275.22192675925066,247.57507324074936,5.6896071428571355,11.789999999999992,-11.704799999999977,-1.6578378428969476,0
249.4,251.83,247.3,248.96,35019905.0,609140.0,249.133933,251.21400000000003,261.3768,267.2178,258.24669221315304,25.655790147152928,-1.3738460138383308,275.72040663983825,245.91459336016172,5.294607142857136,9.969999999999999,-12.416799999999995,-1.591300312960784,0
247.975,249.1999,246.0,247.99,88492140.0,637593.0,248.002564,250.788,261.13,267.0695,257.2698643833289,23.60366046071313,-1.3537313244014162,275.8265666549772,244.14943334502277,5.071028571428566,10.110000000000014,-13.139999999999986,-1.5150360839286734,1
253.97,254.6,250.28,251.49,40725811.0,692644.0,251.934488,250.52200000000002,260.97900000000004,266.8963,256.7194011087262,32.0864991233197,-1.0207705285858029,275.24475586720666,243.26224413279326,5.155314285714279,5.990000000000009,-9.489000000000033,-0.9709681421483081,1
250.35,254.825,249.55,251.64,45304131.0,552930.0,252.444218,250.004,260.82439999999997,266.72270000000003,256.23564862218086,33.584791792395876,-0.720640840510455,273.3460203689366,243.11097963106354,5.194242857142852,-4.439999999999998,-9.184399999999982,-0.8716376547490045,1
254.095,255.0,251.6,252.62,28626412.0,534621.0,253.12745,250.54000000000002,260.6718,266.5519,255.8913011343541,37.97428661022261,-0.40221120169727476,270.427346210918,243.86865378908206,5.060671428571425,-1.8100000000000023,-8.051800000000014,-0.6819612845513742,1
252.115,257.0,250.77,252.89,41948926.0,686731.0,254.179043,251.32600000000002,260.5086,266.3668,255.6054629310823,42.20934197067847,-0.13339793676011968,267.25144289069,245.03855710930998,5.08281428571428,0.5799999999999841,-7.618600000000015,-0.5861462633960878,0
253.9,255.493,248.07,248.8,48058120.0,731187.0,251.041752,251.488,260.2854,266.1511,254.95732360431253,32.129032258064484,-0.18771586264396145,266.2676934065877,244.48430659341227,5.079492857142853,-8.069999999999993,-11.48539999999997,-1.2075257270871307,0
250.07,250.87,245.51,246.63,39622901.0,674542.0,246.869425,250.516,260.0538,265.9269,254.16424516580656,27.963997517070098,-0.31876096646010854,265.09726268469836,243.8457373153017,5.067349999999995,-8.830000000000013,-13.423800000000028,-1.4759411126868491,1
247.91,255.48,247.101,253.79,49749647.0,678628.0,252.302046,250.946,260.019,265.7644,254.1286027690631,41.0823170731707,0.10511774607211599,263.6604011393819,244.28659886061806,5.515207142857138,-0.6400000000000148,-6.229000000000013,-0.03788621301274418,1
254.08,256.18,253.33,255.63,40214210.0,616606.0,255.022473,251.548,260.19759999999997,265.61929999999995,254.27159298153327,49.82019363762103,0.5148419773769479,262.49108933425805,244.76691066574196,5.245207142857138,1.0,-4.56759999999997,0.45158651070346867,1
254.2,256.13,250.65,255.92,31436918.0,533471.0,254.604641,252.154,260.363,265.48080000000004,254.42858412614916,59.415584415584405,0.7941252248985071,261.78306038308295,245.03793961691707,5.150207142857139,0.46999999999999886,-4.443000000000012,0.5994582027907519,1
256.51,262.16,256.46,258.86,29515075.0,561322.0,259.123609,254.166,260.5732,265.3847,254.85062373318257,59.72938144329901,1.1443169386119845,262.01741050981445,244.94358949018553,5.309849999999999,1.7300000000000182,-1.713199999999972,1.2602919976297038,0
256.155,256.2,245.7,253.5,62320464.0,986242.0,250.651942,255.53999999999996,260.68240000000003,265.22540000000004,254.7219929014509,48.95684481280367,0.9883003374508506,261.15078301901013,245.17221698098984,6.039135714285716,-4.519999999999982,-7.18240000000003,0.08473851763532843,1
258.45,259.7499,256.53,258.9,41185418.0,692208.0,258.267869,256.562,260.7522,265.0619,255.11989833940794,62.40997229916896,1.207606345745488,260.7031907474667,245.4268092525333,6.061271428571432,2.2099999999999795,-1.852200000000039,1.5278487256776685,1
259.0,261.12,256.07,260.49,28265531.0,500536.0,259.446868,257.534,260.7966,264.9321,255.63133659279768,65.70416780168891,1.4047632328180488,260.61992471581783,245.47807528418224,6.0984142857142905,4.009999999999991,-0.3066000000000031,1.9656779797198705,0
259.98,262.19,259.0231,260.48,31442238.0,514098.0,260.423995,258.446,260.87739999999997,264.8074,256.0931140601503,67.46853146853148,1.4723921883315316,261.48026307338904,245.08973692661093,6.096057142857147,2.420000000000016,-0.3973999999999478,1.7558923821159549,0
259.73,260.18,256.66,259.2,36408224.0,578552.0,258.333648,258.514,260.8958,264.6753,256.3890079591836,61.49716671637335,1.3708860114372832,262.19780145796153,245.2801985420385,5.896771428571433,5.159999999999997,-1.6958000000000197,1.2911994748050266,0
259.245,261.93,257.19,258.83,48524835.0,661816.0,258.821886,259.58000000000004,260.88280000000003,264.589,256.6214833916423,60.65185185185183,1.2236398793179926,262.7830569661895,245.2959430338105,5.8585571428571495,13.559999999999974,-2.0528000000000475,1.0957783013307687,1
258.16,266.56,257.81,266.43,50072607.0,728560.0,264.032081,261.086,260.81120000000004,264.5789,257.5556278305335,67.10428536041613,1.5612815727770735,265.00306734860277,244.2959326513972,6.240700000000006,18.77000000000001,5.618799999999965,2.275640772567109,0
266.8,267.16,261.27,263.4,43478258.0,635080.0,263.375152,261.668,260.6896,264.52729999999997,258.11223470381606,62.18409459772776,1.5032015830720273,266.1271381366109,244.51786186338913,6.216414285714295,15.629999999999967,2.710399999999993,1.4951912128606812,1
266.96,272.3,266.72,270.23,61597694.0,723488.0,269.811713,263.618,260.5644,264.5671,259.2663075891669,73.35949422280349,1.8259516225635597,268.6433069936585,244.12869300634145,6.321914285714298,20.890000000000015,9.66560000000004,2.2588974898258556,1
270.33,274.275,270.29,273.05,36649162.0,541181.0,272.793799,266.38800000000003,260.5072,264.5827,260.57904019972244,78.39638865004292,2.110408911053919,271.32297741501657,243.95502258498345,6.2279857142857225,25.600000000000023,12.5428,2.2524152930986614,0
271.5,272.8,265.4,266.17,50375502.0,710353.0,267.610166,267.856,260.2682,264.4852,261.1115125616536,63.38667820069202,1.7321119361329202,272.241829267934,244.50417073206594,6.14227142857144,13.880000000000024,5.901800000000037,1.1243919510967486,1
267.82,273.74,266.87,273.17,43403761.0,607164.0,271.943797,269.204,260.2392,264.44719999999995,262.25993993673427,67.06225680933849,1.840085721437569,274.4166703545125,244.4823296454875,6.479414285714297,10.930000000000007,12.930800000000033,1.8334126859006963,1
275.045,275.77,271.65,273.43,33551842.0,551288.0,273.630131,271.21000000000004,260.2342,264.406,263.32375518085485,67.04302121861005,1.8128594526762365,276.3262435737223,244.65375642627774,6.382271428571441,10.660000000000025,13.19580000000002,1.634225937452979,0
272.755,273.06,269.65,271.06,38318683.0,593309.0,270.912679,271.37600000000003,260.1454,264.3281,264.0605404017258,62.00787401574799,1.530347326047627,277.4817953876455,245.3152046123545,6.206557142857155,12.610000000000014,10.914600000000007,1.2014328863749582,0
266.09,268.36,265.07,267.61,41535873.0,521959.0,267.134397,270.288,260.263,264.1732,264.39858417299,64.43035385559418,1.0302256738870894,277.49338849067357,247.18461150932654,5.694414285714296,8.03000000000003,7.347000000000037,0.6956400785480584,1
272.335,273.23,268.66,270.71,40172718.0,579993.0,270.572016,271.196,260.5616,264.0184,264.99967139461,62.674393646705276,0.8355853956400785,277.1940822397248,249.8919177602752,5.649421428571437,7.889999999999986,10.148399999999981,1.0500266387882298,0
267.55,271.04,267.04,270.17,30201056.0,511789.0,269.634794,270.596,260.6874,263.87859999999995,265.4920836427424,60.6280193236715,0.6084175249833703,277.50536430534805,251.21863569465188,5.574421428571436,1.3600000000000136,9.48259999999999,0.8837919827934398,1
270.5,276.0,268.14,271.35,92016751.0,965494.0,271.910943,270.18,260.82739999999995,263.7851,266.0499804386717,61.635624063369725,0.48115017988214115,277.96888362173394,252.3271163782661,5.909642857142866,2.3500000000000227,10.522600000000068,0.9674840179480908,1
278.855,287.22,278.37,280.14,80105508.0,1301741.0,282.456884,271.996,261.2186,263.7987,267.3918870635601,69.31021763187016,0.9077258963995449,280.05537047580367,252.6626295241964,6.7703571428571525,10.439999999999998,18.921400000000006,2.012357949041439,0
279.655,280.63,274.8601,276.83,46845300.0,768306.0,276.916261,273.84,261.4636,263.7881,268.29075496226864,65.74527641707488,0.8848152871479247,281.2373047949606,253.2776952050395,6.843921428571439,5.430000000000007,15.366399999999999,1.3694754884489713,1
276.925,284.57,276.501,284.18,49478504.0,779580.0,282.316227,276.534,261.8236,263.8581,269.8040163944335,65.59479880513092,1.2596559921735953,283.1431370238066,254.43986297619335,6.795278571428582,13.810000000000002,22.356400000000008,2.144494035694109,1
281.915,288.03,281.07,287.51,58505958.0,839684.0,286.24898,280.002,262.13100000000003,263.9454,271.4903005473446,71.07149099807731,1.6047317267570769,286.0498164201989,254.39418357980108,6.871707142857149,18.45999999999998,25.378999999999962,2.1845085311878747,0
289.27,292.13,285.78,287.44,45390735.0,776365.0,288.89505,283.21999999999997,262.3952,264.03950000000003,273.00931954283556,67.05649157581766,1.6924243491039954,288.46173736388505,254.67726263611496,6.689564285714291,17.399999999999977,25.04480000000001,1.879028770212585,1
290.01,294.76,290.0,293.32,52883906.0,790657.0,293.146336,285.856,262.8026,264.18989999999997,274.9436700625655,68.94038497477109,1.990054953153237,291.8582745482314,254.5647254517686,6.9234928571428656,23.180000000000007,30.51740000000001,2.156780514290846,0
291.979,293.88,290.23,292.68,42447512.0,712441.0,292.179992,289.026,263.3726,264.3756,276.63284434232116,78.04104082927867,1.9830414230072302,294.23404976205387,255.5369502379461,6.6377785714285755,22.910000000000025,29.30740000000003,1.839362662197903,1
292.56,295.27,292.56,294.8,45915100.0,718397.0,294.261156,291.15,263.9742,264.5775,278.3630496430525,75.51309271054501,1.9570675119305472,296.43165265197604,256.9363473480239,6.290635714285718,26.329999999999984,30.825800000000015,1.8347497111953965,1
293.5,300.92,293.5,298.87,52854874.0,777464.0,298.284187,293.422,264.6766,264.8478,280.3160925341903,77.5324675324676,2.0405550884592465,299.7625062148363,256.84949378516376,6.526350000000003,29.439999999999998,34.1934,1.916807871151065,0
299.82,300.45,295.38,298.21,35497001.0,666775.0,298.26533,295.57599999999996,265.3904,265.108,282.02027419760077,80.5124747134188,1.8817660604133284,302.0522717548432,258.04072824515674,6.618492857142859,22.95999999999998,32.81959999999998,1.6507941827582056,1
297.9,303.2,296.52,300.23,55041205.0,777324.0,300.404077,296.95799999999997,266.18919999999997,265.3736,283.75453379782925,87.87738039944269,1.7461891470719824,304.7899097281233,258.3030902718768,6.667778571428572,26.75999999999999,34.04080000000005,1.6076384849331282,0
300.24,300.66,294.91,297.84,34681425.0,732940.0,297.258714,297.98999999999995,266.9968,265.6423,285.09600676946457,82.0306965761511,1.346852487641872,306.75429871221223,258.81770128778777,6.677064285714287,24.889999999999986,30.843199999999968,1.2561592444047531,1
296.97,300.51,296.35,298.97,42407713.0,640857.0,298.385732,298.82399999999996,267.7786,265.90840000000003,286.41733945808704,83.53516534699574,1.0246986441771373,308.093945366987,260.7580546330131,6.6884928571428555,26.560000000000002,31.191400000000044,1.2290040199506782,1
298.18,302.8,298.08,302.25,38392499.0,653718.0,301.052478,299.5,268.607,266.19280000000003,287.9252118906502,84.30284191829476,0.9026818130109415,310.2003635706884,261.5596364293116,6.464207142857142,34.79000000000002,33.64299999999997,1.346196980355144,1
301.055,305.54,300.4,304.99,43130643.0,654038.0,303.961278,300.85600000000005,269.4906,266.5087,289.55042980582635,81.86714542190298,0.8759843748610905,312.46291875822044,262.4530812417795,5.697778571428573,37.55000000000001,35.49940000000004,1.4022841001422015,1
306.12,311.4,305.84,308.82,43850433.0,754581.0,309.151302,302.574,270.5518,266.8593,291.3856269671762,90.48342191850155,0.9779955174111699,314.83518482725253,263.8568151727475,5.743499999999999,40.25999999999999,38.26819999999998,1.5280206198810085,0
309.56,311.82,307.67,308.33,48211426.0,761571.0,309.544399,304.672,271.716,267.2118,292.9993767798261,86.98315467075025,0.8774097548817821,316.05288938724823,266.71111061275167,5.463571428571425,42.079999999999984,36.613999999999976,1.3739269577172188,1
308.33,313.26,308.3,310.85,50602317.0,753860.0,311.067071,307.04799999999994,272.8766,267.6017,294.6994361341284,86.65201005025114,0.8452044228628317,317.5036872913136,269.2743127086864,5.320714285714282,39.360000000000014,37.97340000000003,1.4481630874218039,1
310.68,312.8,309.57,312.51,48391247.0,715721.0,311.510893,309.1,274.0422,268.0167,296.39568031183046,87.49626084355356,0.8007372939298492,318.44329704628296,272.5687029537171,5.097857142857139,36.589999999999975,38.46780000000001,1.4826507208490374,0
311.775,315.0,309.53,312.06,70201217.0,764555.0,312.007885,310.514,275.2846,268.4647,297.8875202821323,83.4642857142856,0.6144354356980841,318.60144179528993,276.48155820471004,4.965714285714284,35.089999999999975,36.77539999999999,1.3787787393835125,0
309.625,310.94,305.02,306.31,49067433.0,904768.0,307.385385,310.012,276.4316,268.9042,298.6896612076435,70.58290546662631,0.009366527315773254,318.5667115866065,279.13328841339353,5.2078571428571445,28.75999999999999,29.8784,0.7567184788631321,1
307.46,315.45,306.685,315.2,44713169.0,821440.0,313.143117,311.386,277.7758,269.4529,300.2620744259632,75.57673019057162,0.10781050685164573,318.8640688382239,282.67293116177615,5.667142857142859,36.349999999999966,37.424199999999985,1.5950313724889216,0
314.175,316.94,308.85,310.26,51012180.0,852323.0,311.581046,311.268,278.9512,269.9651,301.2142578139667,63.97546012269933,-0.24080187340437398,318.8452069967836,285.2997930032165,5.714999999999999,27.159999999999968,31.30880000000002,0.9762884430724313,1
313.23,313.54,309.65,311.23,45035886.0,760636.0,311.264984,311.012,280.14300000000003,270.4837,302.16813802216035,65.85484656600097,-0.47363445268827853,319.0195382706335,287.49746172936653,5.630714285714289,25.04000000000002,31.08699999999999,1.0115450344223522,0
312.86,315.17,307.15,307.34,65490996.0,1048515.0,310.528004,310.068,281.2374,270.95459999999997,302.66069630576413,58.280922431865754,-0.9307673646364201,318.22024437444196,290.286755625558,5.726428571428577,23.189999999999998,26.102599999999995,0.44197844784043555,0
308.739,317.4,301.17,301.54,78172037.0,1327372.0,307.935739,309.114,282.2104,271.3595,302.55396332426284,53.9922313336211,-1.6242940478511496,317.731336245765,291.59766375423493,6.475000000000002,20.840000000000032,19.329600000000028,-0.47823358940655697,0
300.275,300.75,287.78,290.55,70285528.0,1333467.0,292.082019,304.184,283.0454,271.66540000000003,301.4107287219521,42.508896797153014,-2.7571435329725755,318.06347273086595,291.05252726913403,7.160714285714294,11.770000000000039,7.504600000000039,-2.0744183160631615,1
290.74,294.75,287.38,291.58,52993052.0,993577.0,291.34415,300.448,283.9444,271.9991,300.474468843671,40.11121408711768,-3.3325937903641254,318.4576282707558,290.3363717292443,7.350000000000007,13.689999999999998,7.635600000000011,-1.8231048788421145,1
293.72,297.0,289.59,295.63,42760915.0,833140.0,294.111279,297.328,284.7812,272.4001,300.01309085855945,41.53094462540716,-3.3281859569612697,318.6343325868709,289.8356674131291,7.512142857142862,18.44999999999999,10.848799999999983,-1.1951942839136762,0
296.03,297.14,289.62,291.13,38970821.0,830866.0,291.579339,294.086,285.4912,272.8444,299.16708220536333,34.185589129268735,-3.4986207884993004,319.22136834800864,288.5406316519914,7.591428571428578,12.350000000000023,5.638800000000003,-1.6624111899705811,1
294.12,297.78,291.7,296.42,45931352.0,792074.0,296.015019,293.062,286.3012,273.3321,298.905455328662,40.194302651078566,-3.136960146407504,319.3137869039829,288.0672130960171,7.770000000000006,18.390000000000043,10.118800000000022,-0.9307260430769497,1
295.245,300.48,293.97,299.24,40039926.0,767541.0,298.486668,294.8,287.1088,273.841,298.9373167259323,40.488284450270335,-2.611231081235304,319.2856530715381,288.23534692846187,7.8807142857142924,20.960000000000036,12.131200000000035,-0.5823453049602823,0
300.845,302.07,294.36,295.95,42907686.0,722928.0,297.116837,295.674,287.95779999999996,274.32009999999997,298.6528103710816,36.78582827960422,-2.3942010954263435,319.38752132214483,287.8314786778551,8.20071428571429,21.839999999999975,7.992200000000025,-0.9709075483691565,0
